[
    {
        "code": "AB",
        "name": "Alberta",
        "country_code": "CA"
    },
    {
        "code": "BC",
        "name": "British Columbia",
        "country_code": "CA"
    },
    {
        "code": "MB",
        "name": "Manitoba",
        "country_code": "CA"
    },
    {
        "code": "NB",
        "name": "New Brunswick",
        "country_code": "CA"
    },
    {
        "code": "NL",
        "name": "Newfoundland and Labrador",
        "country_code": "CA"
    },
    {
        "code": "NT",
        "name": "Northwest Territories",
        "country_code": "CA"
    },
    {
        "code": "NS",
        "name": "Nova Scotia",
        "country_code": "CA"
    },
    {
        "code": "NU",
        "name": "Nunavut",
        "country_code": "CA"
    },
    {
        "code": "ON",
        "name": "Ontario",
        "country_code": "CA"
    },
    {
        "code": "PE",
        "name": "Prince Edward Island",
        "country_code": "CA"
    },
    {
        "code": "QC",
        "name": "Quebec",
        "country_code": "CA"
    },
    {
        "code": "SK",
        "name": "Saskatchewan",
        "country_code": "CA"
    },
    {
        "code": "YT",
        "name": "Yukon Territory",
        "country_code": "CA"
    },
    {
        "code": "AL",
        "name": "Alabama",
        "country_code": "US"
    },
    {
        "code": "AK",
        "name": "Alaska",
        "country_code": "US"
    },
    {
        "code": "AS",
        "name": "American Samoa",
        "country_code": "US"
    },
    {
        "code": "AZ",
        "name": "Arizona",
        "country_code": "US"
    },
    {
        "code": "AR",
        "name": "Arkansas",
        "country_code": "US"
    },
    {
        "code": "CA",
        "name": "California",
        "country_code": "US"
    },
    {
        "code": "CO",
        "name": "Colorado",
        "country_code": "US"
    },
    {
        "code": "CT",
        "name": "Connecticut",
        "country_code": "US"
    },
    {
        "code": "DE",
        "name": "Delaware",
        "country_code": "US"
    },
    {
        "code": "DC",
        "name": "District of Columbia",
        "country_code": "US"
    },
    {
        "code": "FL",
        "name": "Florida",
        "country_code": "US"
    },
    {
        "code": "GA",
        "name": "Georgia",
        "country_code": "US"
    },
    {
        "code": "GU",
        "name": "Guam",
        "country_code": "US"
    },
    {
        "code": "HI",
        "name": "Hawaii",
        "country_code": "US"
    },
    {
        "code": "ID",
        "name": "Idaho",
        "country_code": "US"
    },
    {
        "code": "IL",
        "name": "Illinois",
        "country_code": "US"
    },
    {
        "code": "IN",
        "name": "Indiana",
        "country_code": "US"
    },
    {
        "code": "IA",
        "name": "Iowa",
        "country_code": "US"
    },
    {
        "code": "KS",
        "name": "Kansas",
        "country_code": "US"
    },
    {
        "code": "KY",
        "name": "Kentucky",
        "country_code": "US"
    },
    {
        "code": "LA",
        "name": "Louisiana",
        "country_code": "US"
    },
    {
        "code": "ME",
        "name": "Maine",
        "country_code": "US"
    },
    {
        "code": "MD",
        "name": "Maryland",
        "country_code": "US"
    },
    {
        "code": "MA",
        "name": "Massachusetts",
        "country_code": "US"
    },
    {
        "code": "MI",
        "name": "Michigan",
        "country_code": "US"
    },
    {
        "code": "MN",
        "name": "Minnesota",
        "country_code": "US"
    },
    {
        "code": "MS",
        "name": "Mississippi",
        "country_code": "US"
    },
    {
        "code": "MO",
        "name": "Missouri",
        "country_code": "US"
    },
    {
        "code": "MT",
        "name": "Montana",
        "country_code": "US"
    },
    {
        "code": "NE",
        "name": "Nebraska",
        "country_code": "US"
    },
    {
        "code": "NV",
        "name": "Nevada",
        "country_code": "US"
    },
    {
        "code": "NH",
        "name": "New Hampshire",
        "country_code": "US"
    },
    {
        "code": "NJ",
        "name": "New Jersey",
        "country_code": "US"
    },
    {
        "code": "NM",
        "name": "New Mexico",
        "country_code": "US"
    },
    {
        "code": "NY",
        "name": "New York",
        "country_code": "US"
    },
    {
        "code": "NC",
        "name": "North Carolina",
        "country_code": "US"
    },
    {
        "code": "ND",
        "name": "North Dakota",
        "country_code": "US"
    },
    {
        "code": "MP",
        "name": "Northern Mariana Islands",
        "country_code": "US"
    },
    {
        "code": "OH",
        "name": "Ohio",
        "country_code": "US"
    },
    {
        "code": "OK",
        "name": "Oklahoma",
        "country_code": "US"
    },
    {
        "code": "OR",
        "name": "Oregon",
        "country_code": "US"
    },
    {
        "code": "PA",
        "name": "Pennsylvania",
        "country_code": "US"
    },
    {
        "code": "PR",
        "name": "Puerto Rico",
        "country_code": "US"
    },
    {
        "code": "RI",
        "name": "Rhode Island",
        "country_code": "US"
    },
    {
        "code": "SC",
        "name": "South Carolina",
        "country_code": "US"
    },
    {
        "code": "SD",
        "name": "South Dakota",
        "country_code": "US"
    },
    {
        "code": "TN",
        "name": "Tennessee",
        "country_code": "US"
    },
    {
        "code": "TX",
        "name": "Texas",
        "country_code": "US"
    },
    {
        "code": "UM",
        "name": "United States Minor Outlying Islands",
        "country_code": "US"
    },
    {
        "code": "UT",
        "name": "Utah",
        "country_code": "US"
    },
    {
        "code": "VT",
        "name": "Vermont",
        "country_code": "US"
    },
    {
        "code": "VI",
        "name": "Virgin Islands, U.S.",
        "country_code": "US"
    },
    {
        "code": "VA",
        "name": "Virginia",
        "country_code": "US"
    },
    {
        "code": "WA",
        "name": "Washington",
        "country_code": "US"
    },
    {
        "code": "WV",
        "name": "West Virginia",
        "country_code": "US"
    },
    {
        "code": "WI",
        "name": "Wisconsin",
        "country_code": "US"
    },
    {
        "code": "WY",
        "name": "Wyoming",
        "country_code": "US"
    }
]
